id,title
1000756687022,"Getting Sober When You're Older"
1000755498906,Contrary Action
1000753948714,"Isn't Every Hour Happy Hour?"
1000752397647,Just Like Dad
1000750962164,Embrace Who I Am
1000748853886,Mustard Seed
1000736048163,Growing Up in AA
1000702444213,Right on Time
1000697305342,"Welcome Home, Mary"
1000734987232,Learning to Trust
1000708058911,"We're Your Friends"
1000703414182,Get in the Car
1000719447601,"Live from the International Convention in Vancouver"
1000706311968,Differences Fall Away
1000678119467,"Message of Hope: Corrections Conference"
1000705209839,Suffering Transmuted
