month,filename
April 2026,https://drive.google.com/file/d/1YvkCgb1SMYlBhi3e4jJIZ6qkE8246Tun/view
March 2026,https://drive.google.com/file/d/1Kpl_EYowENln_V-G8WAB9TTsj7GUwaZH/view
February 2026,https://drive.google.com/file/d/1hjptU-sAgDy0snYUjB1WwFbnB1olgKLh/view
October 2025,https://drive.google.com/file/d/1hpK7kQiAv7mxboFFNwJtq6Xv4vOyf9na/view
September 2025,https://drive.google.com/file/d/1kv1Ic6jxS9WgMlrlKqK9Glfbkhlj5-l4/view
June 2025,https://drive.google.com/file/d/1MVrMuCj8zOWlxx-MYXYn2m6Cq8MiTGRV/view
April 2025,https://drive.google.com/file/d/1Sex1VhDkRaMkccXYnAI2GcJzIMzObed0/view
March 2025,https://drive.google.com/file/d/1zbyMkI5YaiK9T5F1xQRbPSO_auvRtgSA/view
February 2025,https://drive.google.com/file/d/1rmbylJ2k2CSlQzOSCnir8KkLenDuOnyF/view
